CEP,solteiro,casado,numero_de_dependentes
0,477700,105350,491310
0,211930,142340,360480
0,83420,137870,182880
0,29420,124060,130160
0,20240,188080,195990
0,2970,51130,56220
35004,990,220,660
35004,660,360,900
35004,330,470,660
35004,120,470,560
35004,50,560,610
35004,0,60,40
35005,760,160,830
35005,410,230,720
35005,130,190,340
35005,40,150,140
35005,0,160,140
35005,0,0,0
35006,250,110,210
35006,120,140,220
35006,40,130,150
35006,20,100,120
35006,0,120,120
35006,0,0,0
35007,2700,540,1940
35007,1160,790,1940
35007,560,950,1450
35007,210,1020,1260
35007,140,1630,1970
35007,0,210,280
35010,1830,440,2540
35010,750,600,1870
35010,220,540,640
35010,60,420,390
35010,50,570,510
35010,0,160,120
35014,360,80,390
35014,150,110,370
35014,60,90,160
35014,30,100,100
35014,0,110,100
35014,0,20,0
35016,1730,560,1250
35016,670,750,1120
35016,240,700,770
35016,90,560,510
35016,70,640,690
35016,0,120,120
35019,200,90,190
35019,90,120,220
35019,40,100,120
35019,0,50,70
35019,0,70,70
35019,0,0,0
35020,2420,350,5180
35020,920,350,2430
35020,280,200,500
35020,60,120,150
35020,30,130,140
35020,0,0,0
35022,1960,430,1730
35022,1120,550,1480
35022,580,620,1000
35022,240,640,660
35022,160,1060,1080
35022,0,180,170
35023,2240,510,1960
35023,1210,830,2040
35023,390,870,1160
35023,130,710,700
35023,60,810,770
35023,0,60,50
35031,620,330,760
35031,260,400,750
35031,70,330,400
35031,30,200,190
35031,0,170,160
35031,0,20,20
35033,270,120,190
35033,130,180,250
35033,40,160,180
35033,30,130,140
35033,0,120,130
35033,0,30,0
35034,310,80,580
35034,130,80,330
35034,70,70,120
35034,0,60,60
35034,0,70,70
35034,0,0,0
35035,120,40,130
35035,60,60,100
35035,30,60,50
35035,0,40,40
35035,0,50,50
35035,0,0,0
35040,1450,320,1260
35040,950,550,1630
35040,460,670,1110
35040,110,620,810
35040,60,670,800
35040,0,80,60
35042,500,140,560
35042,210,210,490
35042,80,190,260
35042,30,160,190
35042,0,210,230
35042,0,0,0
35043,980,190,320
35043,370,270,540
35043,190,380,570
35043,100,560,740
35043,100,1140,1570
35043,0,250,310
35044,760,170,930
35044,320,210,610
35044,110,220,290
35044,30,160,170
35044,20,190,170
35044,0,20,0
35045,1260,370,1490
35045,520,540,1210
35045,160,500,650
35045,40,400,400
35045,40,420,410
35045,0,60,60
35046,500,180,460
35046,230,230,430
35046,70,220,240
35046,30,190,170
35046,30,250,240
35046,0,30,30
35049,310,130,230
35049,170,190,360
35049,60,180,230
35049,30,150,140
35049,0,140,150
35049,0,0,0
35051,820,190,580
35051,310,260,570
35051,100,260,340
35051,40,260,270
35051,40,400,410
35051,0,100,110
35053,200,80,150
35053,100,110,140
35053,50,120,100
35053,0,90,80
35053,30,110,80
35053,0,30,0
35054,370,140,290
35054,160,140,230
35054,70,130,170
35054,30,170,140
35054,40,250,170
35054,0,60,60
35055,2010,520,1380
35055,860,750,1570
35055,270,710,990
35055,100,580,630
35055,60,660,730
35055,0,160,170
35057,1210,470,920
35057,490,610,1090
35057,150,530,600
35057,60,420,490
35057,30,510,550
35057,0,120,100
35058,1040,390,750
35058,420,460,850
35058,120,420,460
35058,40,330,360
35058,30,340,360
35058,0,80,120
35060,50,20,80
35060,30,0,60
35060,0,0,0
35060,0,0,0
35060,0,0,0
35060,0,0,0
35061,170,20,220
35061,70,40,160
35061,60,0,50
35061,0,30,30
35061,0,0,0
35061,0,0,0
35062,690,220,560
35062,270,320,500
35062,110,340,440
35062,40,310,350
35062,0,370,430
35062,0,40,50
35063,230,130,320
35063,120,160,270
35063,50,120,140
35063,0,90,100
35063,0,90,90
35063,0,0,0
35064,1120,110,1860
35064,550,120,940
35064,170,110,290
35064,50,110,100
35064,20,150,120
35064,0,0,0
35068,750,160,710
35068,570,270,840
35068,280,240,450
35068,70,200,200
35068,40,250,240
35068,0,30,0
35071,1500,330,790
35071,870,510,1010
35071,400,600,800
35071,120,670,660
35071,100,1040,1140
35071,0,180,190
35072,380,130,530
35072,190,190,490
35072,40,130,180
35072,20,120,130
35072,0,90,80
35072,0,0,0
35073,200,60,220
35073,120,110,220
35073,50,80,90
35073,0,60,50
35073,0,50,30
35073,0,0,0
35077,1300,470,1160
35077,610,550,1070
35077,150,490,570
35077,40,380,370
35077,30,310,310
35077,0,30,0
35078,190,60,210
35078,90,70,180
35078,40,60,80
35078,0,60,50
35078,0,90,90
35078,0,0,0
35079,670,250,480
35079,320,350,560
35079,110,460,600
35079,30,390,460
35079,20,340,380
35079,0,30,40
35080,1600,230,530
35080,680,340,900
35080,390,610,1050
35080,140,820,1170
35080,120,1560,2310
35080,0,240,370
35083,250,120,240
35083,120,160,240
35083,40,150,170
35083,0,100,90
35083,0,90,70
35083,0,0,0
35085,750,230,900
35085,340,370,790
35085,110,330,480
35085,50,240,210
35085,0,270,230
35085,0,30,20
35087,210,100,220
35087,60,110,150
35087,20,90,90
35087,0,60,70
35087,0,60,60
35087,0,0,0
35089,180,50,230
35089,80,60,230
35089,30,50,60
35089,0,40,20
35089,0,0,0
35089,0,0,0
35091,240,40,80
35091,80,80,170
35091,60,130,230
35091,20,170,230
35091,0,270,380
35091,0,20,30
35094,1390,360,1160
35094,750,460,1050
35094,300,540,680
35094,90,460,490
35094,80,620,620
35094,0,120,120
35096,710,230,710
35096,350,270,700
35096,150,250,410
35096,70,230,290
35096,30,290,270
35096,0,50,30
35097,150,70,120
35097,80,80,120
35097,40,100,120
35097,0,70,100
35097,0,70,50
35097,0,0,0
35098,130,60,120
35098,80,70,110
35098,0,50,80
35098,0,60,50
35098,0,50,50
35098,0,0,0
35111,1320,330,720
35111,670,480,930
35111,370,630,860
35111,150,690,800
35111,80,1060,1080
35111,0,130,120
35112,40,20,50
35112,30,0,40
35112,0,20,30
35112,0,0,0
35112,0,0,0
35112,0,0,0
35114,660,150,410
35114,250,190,420
35114,120,250,410
35114,50,280,370
35114,30,560,800
35114,0,80,110
35115,1400,360,1400
35115,560,440,980
35115,190,420,560
35115,50,320,290
35115,30,390,350
35115,0,60,50
35116,390,110,250
35116,220,170,300
35116,80,170,190
35116,20,210,200
35116,30,300,310
35116,0,40,50
35117,490,140,220
35117,310,190,350
35117,160,260,290
35117,40,280,270
35117,30,410,450
35117,0,60,70
35118,310,80,280
35118,160,140,220
35118,60,110,170
35118,30,110,100
35118,0,120,120
35118,0,0,0
35120,1250,340,1070
35120,610,520,1160
35120,240,670,880
35120,70,560,700
35120,50,650,740
35120,0,60,70
35121,1330,520,1350
35121,570,700,1420
35121,170,590,740
35121,50,410,450
35121,50,480,480
35121,0,120,140
35124,2420,500,1250
35124,1350,680,1610
35124,770,740,1080
35124,300,830,940
35124,230,1840,1820
35124,40,570,600
35125,1010,320,1140
35125,470,390,930
35125,160,340,550
35125,50,300,300
35125,40,260,270
35125,0,40,20
35126,2090,440,1390
35126,1110,720,1690
35126,450,790,1150
35126,150,800,840
35126,80,1020,920
35126,0,90,60
35127,930,150,660
35127,490,230,890
35127,240,280,540
35127,80,270,360
35127,50,370,370
35127,0,30,30
35128,940,210,640
35128,430,350,630
35128,190,350,410
35128,60,360,400
35128,60,540,480
35128,0,110,110
35130,260,90,260
35130,120,140,240
35130,50,130,150
35130,20,90,70
35130,0,90,70
35130,0,0,0
35131,290,140,370
35131,170,170,350
35131,70,140,200
35131,0,100,110
35131,0,100,90
35131,0,0,0
35133,330,110,270
35133,150,190,300
35133,50,210,230
35133,30,160,130
35133,0,130,130
35133,0,0,0
35135,150,50,120
35135,90,50,110
35135,50,80,80
35135,20,70,60
35135,0,110,100
35135,0,0,0
35136,120,60,110
35136,70,50,100
35136,40,60,60
35136,0,50,30
35136,0,60,30
35136,0,0,0
35143,290,110,200
35143,150,120,170
35143,50,100,80
35143,30,90,100
35143,0,130,100
35143,0,30,0
35146,860,280,500
35146,430,390,610
35146,180,460,550
35146,60,480,520
35146,50,700,830
35146,0,110,110
35147,420,110,280
35147,210,170,380
35147,110,210,300
35147,50,210,250
35147,40,360,460
35147,0,80,80
35148,240,100,270
35148,120,100,200
35148,40,80,120
35148,0,80,80
35148,0,70,60
35148,0,0,0
35149,50,0,90
35149,30,40,70
35149,0,30,50
35149,0,0,0
35149,0,0,0
35149,0,0,0
35150,1680,390,2010
35150,720,510,1540
35150,240,470,640
35150,70,370,390
35150,40,440,430
35150,0,70,60
35151,670,190,480
35151,280,270,550
35151,130,260,310
35151,50,250,240
35151,0,260,270
35151,0,30,0
35160,2320,560,2930
35160,1010,660,2340
35160,300,590,900
35160,110,450,480
35160,60,460,340
35160,0,90,50
35171,270,90,240
35171,120,120,270
35171,80,140,180
35171,0,110,150
35171,0,170,190
35171,0,0,0
35172,220,120,270
35172,130,130,250
35172,40,150,180
35172,0,80,80
35172,0,80,80
35172,0,0,0
35173,2440,420,880
35173,1050,690,1350
35173,550,990,1410
35173,240,1210,1440
35173,160,2680,3320
35173,40,740,920
35175,450,170,320
35175,210,240,300
35175,70,200,220
35175,30,180,160
35175,20,240,220
35175,0,40,30
35176,60,30,80
35176,60,30,60
35176,0,30,30
35176,0,20,30
35176,0,20,0
35176,0,0,0
35178,330,100,320
35178,150,120,250
35178,60,120,200
35178,30,90,80
35178,0,90,90
35178,0,20,0
35179,860,320,670
35179,350,430,670
35179,120,430,460
35179,50,300,310
35179,0,300,330
35179,0,60,70
35180,1120,360,750
35180,580,540,890
35180,210,650,820
35180,60,530,580
35180,30,730,780
35180,0,70,60
35183,60,30,40
35183,60,30,30
35183,0,30,40
35183,0,20,0
35183,0,30,20
35183,0,0,0
35184,440,170,450
35184,210,250,490
35184,60,230,330
35184,30,170,200
35184,0,120,130
35184,0,20,0
35186,430,120,210
35186,160,210,280
35186,70,210,260
35186,40,180,200
35186,30,310,330
35186,0,80,80
35188,220,70,200
35188,120,110,240
35188,50,150,220
35188,20,110,160
35188,0,130,160
35188,0,0,0
35203,350,30,340
35203,190,0,110
35203,120,20,60
35203,70,30,0
35203,80,70,50
35203,40,70,40
35204,1190,100,1980
35204,400,90,800
35204,110,50,170
35204,40,30,40
35204,0,20,40
35204,0,0,0
35205,2500,160,1360
35205,1740,230,830
35205,600,160,180
35205,190,130,100
35205,180,270,170
35205,70,190,120
35206,1920,190,3190
35206,810,240,1450
35206,240,180,330
35206,50,120,150
35206,30,130,120
35206,0,0,0
35207,1000,100,1920
35207,350,110,770
35207,80,50,180
35207,30,40,40
35207,0,20,20
35207,0,0,0
35208,1680,140,2950
35208,690,140,1500
35208,170,120,310
35208,50,70,80
35208,20,60,60
35208,0,0,0
35209,2830,270,1780
35209,1560,420,1600
35209,740,430,740
35209,310,530,620
35209,340,1400,1710
35209,120,980,1400
35210,1500,250,1240
35210,950,350,1110
35210,490,380,540
35210,160,370,300
35210,120,510,360
35210,30,160,130
35211,3130,290,5110
35211,1360,280,2160
35211,470,200,440
35211,140,160,170
35211,70,180,150
35211,0,40,50
35212,1340,90,2560
35212,500,170,830
35212,230,90,200
35212,90,90,70
35212,80,160,90
35212,0,40,30
35213,1330,80,130
35213,780,130,230
35213,530,170,190
35213,230,200,180
35213,300,870,920
35213,180,1600,2260
35214,2000,270,2670
35214,1090,330,1930
35214,440,310,660
35214,100,250,290
35214,60,310,290
35214,0,20,0
35215,5140,630,9030
35215,2280,840,5700
35215,780,640,1600
35215,190,550,640
35215,90,550,510
35215,0,30,30
35216,3580,480,2660
35216,2150,680,2700
35216,980,670,1210
35216,390,670,770
35216,310,2000,2460
35216,90,1200,1660
35217,1450,210,2450
35217,560,270,1350
35217,160,180,380
35217,40,130,120
35217,20,140,110
35217,0,0,0
35218,780,60,1480
35218,260,70,680
35218,90,30,130
35218,0,30,50
35218,0,0,0
35218,0,0,0
35221,500,50,880
35221,230,50,500
35221,70,30,80
35221,0,40,40
35221,0,0,0
35221,0,0,0
35222,800,70,690
35222,600,80,250
35222,340,130,110
35222,170,170,120
35222,140,360,230
35222,50,260,230
35223,1040,60,90
35223,430,90,120
35223,260,140,180
35223,130,200,220
35223,200,930,1090
35223,140,1550,1950
35224,570,100,1040
35224,260,110,550
35224,80,90,160
35224,20,40,50
35224,0,30,20
35224,0,0,0
35226,2900,430,870
35226,1560,700,1360
35226,930,970,1400
35226,460,1280,1450
35226,460,3570,4180
35226,100,1490,1830
35228,1170,110,2000
35228,500,130,1110
35228,160,90,270
35228,40,60,70
35228,0,60,80
35228,0,0,0
35233,230,20,80
35233,180,0,20
35233,150,30,0
35233,50,0,0
35233,60,40,30
35233,0,20,0
35234,630,40,1040
35234,210,80,490
35234,60,0,90
35234,0,30,40
35234,0,0,0
35234,0,0,0
35235,2080,280,2140
35235,1370,450,2260
35235,540,470,950
35235,160,410,460
35235,80,440,380
35235,0,40,30
35242,5080,560,1440
35242,2660,860,1900
35242,1430,1070,1500
35242,650,1370,1430
35242,720,4530,5320
35242,240,3660,4800
35243,1900,210,370
35243,1390,310,490
35243,840,380,460
35243,380,520,530
35243,310,1360,1510
35243,110,1390,1790
35244,3170,360,1030
35244,1750,620,1610
35244,900,760,1230
35244,360,1030,1210
35244,410,3050,3770
35244,80,1390,1770
35401,3760,260,4040
35401,1200,280,1650
35401,310,180,300
35401,100,140,130
35401,90,210,200
35401,20,100,80
35404,2510,290,2540
35404,1060,380,1530
35404,340,350,540
35404,90,250,240
35404,70,330,250
35404,20,80,60
35405,4570,500,4810
35405,2240,780,3380
35405,860,860,1520
35405,260,930,1060
35405,160,1460,1530
35405,30,230,250
35406,1310,140,460
35406,610,260,570
35406,340,320,440
35406,180,430,480
35406,170,1250,1440
35406,80,970,1200
35441,90,30,150
35441,60,40,90
35441,30,20,40
35441,0,20,30
35441,0,30,20
35441,0,0,0
35442,470,70,960
35442,160,90,470
35442,40,60,130
35442,30,60,50
35442,0,60,80
35442,0,20,0
35443,150,30,410
35443,50,30,210
35443,30,40,60
35443,0,0,0
35443,0,0,20
35443,0,0,0
35444,300,110,360
35444,160,170,360
35444,50,160,210
35444,20,120,150
35444,0,110,130
35444,0,0,0
35446,190,60,200
35446,80,80,180
35446,40,80,100
35446,0,70,70
35446,0,80,100
35446,0,0,0
35447,280,70,490
35447,110,70,260
35447,50,80,110
35447,0,70,80
35447,0,80,70
35447,0,0,0
35452,350,110,300
35452,160,140,260
35452,60,200,260
35452,0,140,150
35452,0,170,190
35452,0,0,0
35453,1160,270,1070
35453,540,380,990
35453,200,410,510
35453,60,340,390
35453,30,370,390
35453,0,50,60
35456,440,110,440
35456,190,150,410
35456,80,160,200
35456,0,120,130
35456,0,130,140
35456,0,20,20
35458,50,0,40
35458,30,40,30
35458,0,30,60
35458,0,20,0
35458,0,20,30
35458,0,0,0
35459,90,0,110
35459,40,30,70
35459,0,20,20
35459,0,30,30
35459,0,0,0
35459,0,0,0
35460,60,20,110
35460,40,0,70
35460,0,20,40
35460,0,0,0
35460,0,0,0
35460,0,0,0
35461,140,70,140
35461,70,80,150
35461,30,70,60
35461,0,60,50
35461,0,60,60
35461,0,0,0
35462,460,60,1010
35462,170,80,520
35462,50,50,100
35462,30,50,40
35462,0,80,40
35462,0,0,0
35463,160,40,190
35463,80,60,150
35463,50,70,90
35463,0,50,50
35463,0,70,60
35463,0,0,0
35464,60,20,140
35464,20,0,60
35464,0,0,0
35464,0,0,0
35464,0,0,0
35464,0,0,0
35466,460,150,470
35466,230,200,440
35466,70,230,310
35466,30,200,230
35466,0,240,280
35466,0,0,0
35469,50,0,50
35469,0,40,50
35469,0,0,0
35469,0,0,0
35469,0,0,0
35469,0,0,0
35470,500,60,650
35470,190,80,330
35470,70,70,90
35470,30,70,80
35470,0,110,120
35470,0,30,0
35473,1510,270,990
35473,920,470,1090
35473,410,550,720
35473,120,590,560
35473,100,810,740
35473,0,130,120
35474,550,130,640
35474,300,190,640
35474,130,200,330
35474,50,220,300
35474,0,270,340
35474,0,0,0
35475,1320,260,600
35475,570,480,880
35475,270,670,870
35475,110,760,900
35475,70,1270,1560
35475,0,240,260
35476,960,110,1430
35476,460,190,1150
35476,200,180,220
35476,40,130,130
35476,40,130,110
35476,0,40,40
35480,130,30,140
35480,90,40,130
35480,40,50,90
35480,0,70,80
35480,0,90,90
35480,0,0,0
35481,290,100,430
35481,110,120,250
35481,40,100,140
35481,30,70,70
35481,0,70,70
35481,0,0,0
35490,310,90,320
35490,180,170,400
35490,70,160,250
35490,50,160,200
35490,0,200,250
35490,0,0,0
35501,860,270,1370
35501,380,310,930
35501,130,240,330
35501,40,190,220
35501,30,200,250
35501,0,30,30
35503,730,280,710
35503,330,390,570
35503,100,300,330
35503,50,250,260
35503,0,300,310
35503,0,40,30
35504,1030,320,790
35504,480,490,870
35504,180,450,570
35504,60,470,470
35504,50,620,660
35504,0,140,140
35540,190,110,170
35540,90,120,170
35540,50,100,100
35540,0,70,80
35540,0,70,60
35540,0,0,0
35541,250,140,250
35541,100,150,190
35541,40,120,120
35541,30,120,80
35541,0,130,110
35541,0,40,0
35542,90,50,100
35542,50,70,90
35542,0,50,60
35542,0,40,50
35542,0,20,40
35542,0,0,0
35543,90,40,130
35543,40,50,70
35543,0,50,50
35543,0,0,0
35543,0,20,0
35543,0,0,0
35544,50,30,50
35544,40,30,40
35544,0,30,30
35544,0,30,20
35544,0,0,0
35544,0,0,0
35546,280,110,320
35546,150,210,330
35546,50,170,220
35546,0,120,140
35546,0,110,120
35546,0,0,0
35548,120,80,130
35548,70,80,100
35548,0,50,40
35548,0,50,40
35548,0,0,0
35548,0,0,0
35549,330,170,390
35549,130,170,260
35549,40,100,90
35549,20,70,80
35549,0,70,90
35549,0,0,0
35550,410,150,480
35550,170,210,380
35550,70,160,190
35550,30,120,130
35550,0,150,170
35550,0,0,0
35552,70,40,80
35552,40,40,60
35552,0,50,40
35552,0,20,30
35552,0,20,20
35552,0,0,0
35553,400,200,360
35553,170,210,360
35553,40,160,150
35553,30,110,110
35553,0,90,90
35553,0,20,0
35554,100,40,70
35554,50,60,70
35554,0,50,40
35554,0,30,30
35554,0,40,40
35554,0,0,0
35555,780,330,960
35555,370,380,700
35555,110,330,370
35555,30,250,270
35555,30,230,230
35555,0,50,50
35563,360,150,370
35563,140,190,290
35563,40,160,180
35563,30,120,110
35563,0,130,130
35563,0,0,0
35564,180,90,220
35564,80,110,170
35564,20,90,80
35564,0,40,40
35564,0,30,30
35564,0,0,0
35565,1200,520,1340
35565,430,600,1040
35565,110,470,540
35565,0,250,280
35565,30,220,230
35565,0,60,50
35570,1000,400,1020
35570,340,480,740
35570,110,360,410
35570,50,270,260
35570,0,200,200
35570,0,40,40
35571,70,40,70
35571,60,50,70
35571,0,40,50
35571,0,40,40
35571,0,0,0
35571,0,0,0
35572,60,50,50
35572,50,60,80
35572,0,50,40
35572,0,20,20
35572,0,40,0
35572,0,0,0
35574,110,50,80
35574,70,70,90
35574,30,70,70
35574,0,50,30
35574,0,50,50
35574,0,0,0
35575,70,40,80
35575,50,40,60
35575,0,40,40
35575,0,40,40
35575,0,20,30
35575,0,0,0
35576,230,120,210
35576,110,130,210
35576,40,140,160
35576,0,100,100
35576,0,100,90
35576,0,0,0
35578,390,180,420
35578,180,250,410
35578,50,190,230
35578,0,130,150
35578,0,100,100
35578,0,0,0
35579,240,100,290
35579,130,150,230
35579,40,130,120
35579,0,80,100
35579,0,90,90
35579,0,0,0
35580,330,130,330
35580,120,150,250
35580,50,140,150
35580,30,110,120
35580,0,120,140
35580,0,0,0
35581,480,220,540
35581,160,270,430
35581,50,200,210
35581,0,120,100
35581,0,110,90
35581,0,0,0
35582,400,110,300
35582,210,200,360
35582,40,170,210
35582,30,110,100
35582,0,90,90
35582,0,30,0
35584,60,0,80
35584,0,50,50
35584,0,0,0
35584,0,0,0
35584,0,0,0
35584,0,0,0
35585,150,70,140
35585,50,70,90
35585,20,50,60
35585,0,60,80
35585,0,40,40
35585,0,0,0
35586,340,150,450
35586,150,170,320
35586,50,170,200
35586,0,130,120
35586,0,90,90
35586,0,0,0
35587,80,30,80
35587,40,30,50
35587,0,30,50
35587,0,30,0
35587,0,30,30
35587,0,0,0
35592,320,150,450
35592,130,190,340
35592,60,190,250
35592,0,120,110
35592,0,130,110
35592,0,0,0
35593,150,50,110
35593,100,80,140
35593,0,80,70
35593,0,60,50
35593,0,40,40
35593,0,0,0
35594,630,290,590
35594,240,350,590
35594,70,280,330
35594,40,220,200
35594,0,230,260
35594,0,40,60
35601,3660,730,4980
35601,1570,950,3980
35601,500,740,1130
35601,180,520,500
35601,120,670,600
35601,30,230,230
35603,3140,650,2270
35603,1340,970,2030
35603,560,1050,1260
35603,220,1090,1020
35603,180,1890,1740
35603,20,430,410
35610,190,70,110
35610,60,100,140
35610,40,100,90
35610,0,70,70
35610,0,50,60
35610,0,0,0
35611,2530,680,2820
35611,1110,840,2240
35611,390,680,810
35611,120,600,560
35611,100,740,660
35611,0,150,90
35613,1720,390,850
35613,740,630,1060
35613,310,860,970
35613,160,870,850
35613,150,1790,1840
35613,0,400,400
35614,670,230,780
35614,340,320,590
35614,80,310,290
35614,30,220,200
35614,20,220,270
35614,0,40,0
35616,310,140,330
35616,150,160,270
35616,60,160,170
35616,20,110,80
35616,0,120,80
35616,0,0,0
35618,190,30,220
35618,90,60,170
35618,40,40,70
35618,0,20,20
35618,0,40,30
35618,0,0,0
35619,460,170,370
35619,190,250,390
35619,70,220,230
35619,30,160,150
35619,0,180,200
35619,0,0,0
35620,810,280,770
35620,380,420,690
35620,130,400,410
35620,30,320,290
35620,30,340,360
35620,0,40,30
35621,300,120,210
35621,80,140,220
35621,40,120,120
35621,0,100,120
35621,0,130,130
35621,0,0,0
35622,590,250,590
35622,240,350,500
35622,70,250,300
35622,40,190,180
35622,0,230,190
35622,0,0,30
35630,4140,720,2940
35630,1440,910,1810
35630,490,710,740
35630,160,550,480
35630,110,730,600
35630,40,180,210
35633,2070,640,1390
35633,770,870,1290
35633,270,880,970
35633,80,760,760
35633,70,830,800
35633,0,150,160
35634,1040,350,550
35634,350,440,520
35634,160,450,470
35634,40,360,360
35634,60,560,480
35634,0,220,250
35640,2460,720,1710
35640,980,1030,1720
35640,360,1010,1150
35640,110,930,1000
35640,100,1270,1500
35640,0,200,270
35643,330,110,300
35643,160,120,250
35643,70,80,90
35643,0,70,70
35643,0,80,80
35643,0,0,0
35645,1270,370,620
35645,450,560,730
35645,200,590,650
35645,60,540,560
35645,70,760,830
35645,0,180,140
35646,440,120,360
35646,180,190,360
35646,70,140,160
35646,30,110,90
35646,0,130,130
35646,0,30,30
35647,90,30,70
35647,50,70,70
35647,20,40,60
35647,0,50,60
35647,0,40,40
35647,0,0,0
35648,370,130,180
35648,130,180,250
35648,40,210,200
35648,30,140,150
35648,0,150,200
35648,0,0,0
35650,1270,470,1110
35650,500,610,880
35650,180,540,580
35650,50,430,450
35650,40,490,510
35650,0,40,30
35651,90,60,100
35651,60,60,70
35651,0,60,60
35651,0,40,40
35651,0,30,30
35651,0,0,0
35652,770,260,440
35652,330,330,430
35652,150,380,370
35652,40,290,270
35652,30,350,360
35652,0,60,60
35653,1140,340,1720
35653,560,500,1980
35653,100,370,460
35653,50,250,300
35653,0,260,250
35653,0,50,40
35654,740,300,910
35654,280,360,960
35654,80,290,390
35654,40,190,220
35654,0,180,180
35654,0,20,0
35660,1100,250,1050
35660,520,320,620
35660,130,240,230
35660,50,160,130
35660,30,180,130
35660,0,30,30
35661,1750,430,1150
35661,790,560,1160
35661,310,690,800
35661,100,650,700
35661,80,830,820
35661,30,180,180
35670,720,260,690
35670,280,310,470
35670,100,360,350
35670,50,260,240
35670,0,320,260
35670,0,40,30
35671,180,50,460
35671,100,70,270
35671,40,50,60
35671,20,40,50
35671,0,90,80
35671,0,0,0
35672,530,180,460
35672,280,230,450
35672,90,210,280
35672,0,170,200
35672,20,230,230
35672,0,0,0
35673,680,290,860
35673,320,350,810
35673,110,330,360
35673,40,310,320
35673,20,350,380
35673,0,30,30
35674,1900,550,1540
35674,780,750,1240
35674,250,710,720
35674,90,590,520
35674,60,750,770
35674,0,120,110
35677,150,90,150
35677,80,90,130
35677,30,80,80
35677,0,40,40
35677,0,50,40
35677,0,0,0
35739,500,130,350
35739,220,210,390
35739,60,230,280
35739,40,180,180
35739,0,240,240
35739,0,0,0
35740,310,100,290
35740,160,130,290
35740,60,120,120
35740,0,90,80
35740,0,100,70
35740,0,0,0
35741,290,60,110
35741,160,80,110
35741,70,100,90
35741,30,90,80
35741,50,220,220
35741,0,160,200
35744,240,80,230
35744,100,120,190
35744,30,110,110
35744,0,70,60
35744,0,50,50
35744,0,0,0
35746,80,30,70
35746,40,50,70
35746,0,50,60
35746,0,40,30
35746,0,0,0
35746,0,0,0
35747,570,200,440
35747,210,260,430
35747,70,240,290
35747,30,200,160
35747,20,260,220
35747,0,50,30
35748,700,180,430
35748,260,230,300
35748,100,220,220
35748,40,200,180
35748,40,560,630
35748,0,220,250
35749,2340,360,1280
35749,1040,610,1580
35749,500,850,1260
35749,270,940,1120
35749,180,1940,2340
35749,0,320,320
35750,1350,390,1040
35750,560,550,1040
35750,200,560,680
35750,80,490,490
35750,50,640,630
35750,0,80,70
35752,200,80,190
35752,80,90,170
35752,30,70,60
35752,0,50,40
35752,0,70,60
35752,0,0,0
35754,500,150,650
35754,190,210,510
35754,70,170,160
35754,50,150,130
35754,0,220,250
35754,0,40,0
35755,50,40,30
35755,50,50,40
35755,0,40,30
35755,0,0,0
35755,0,30,0
35755,0,0,0
35756,1310,200,620
35756,570,300,850
35756,360,490,840
35756,200,630,940
35756,180,1680,2410
35756,0,440,580
35757,1480,210,670
35757,620,400,850
35757,400,500,750
35757,250,550,680
35757,180,1470,1730
35757,0,290,300
35758,4670,490,2000
35758,1870,770,2050
35758,1060,980,1510
35758,580,1470,1940
35758,520,4390,5660
35758,60,1590,1840
35759,800,150,370
35759,370,250,490
35759,200,350,510
35759,100,390,430
35759,70,690,760
35759,0,100,90
35760,500,150,390
35760,210,220,340
35760,80,210,220
35760,0,150,150
35760,20,180,180
35760,0,20,0
35761,1050,260,750
35761,510,390,750
35761,190,470,580
35761,70,430,480
35761,60,730,940
35761,0,130,120
35763,1410,230,450
35763,510,370,560
35763,300,510,600
35763,150,650,790
35763,170,2210,2840
35763,30,820,1050
35764,50,30,50
35764,30,30,40
35764,0,40,40
35764,0,0,0
35764,0,0,0
35764,0,0,0
35765,340,170,320
35765,140,180,270
35765,50,160,170
35765,0,90,90
35765,0,110,120
35765,0,0,0
35768,1160,360,1000
35768,520,530,920
35768,110,430,420
35768,50,290,230
35768,30,320,260
35768,0,60,30
35769,990,280,630
35769,420,380,630
35769,140,390,370
35769,40,280,240
35769,50,510,410
35769,0,160,120
35771,290,140,300
35771,150,180,280
35771,30,150,160
35771,0,100,90
35771,0,90,80
35771,0,0,0
35772,420,160,460
35772,200,190,430
35772,60,140,160
35772,30,130,130
35772,0,120,100
35772,0,0,0
35773,1220,350,1180
35773,580,470,1020
35773,210,430,560
35773,90,360,390
35773,70,580,620
35773,0,90,90
35775,70,20,210
35775,40,20,80
35775,0,60,30
35775,0,0,0
35775,0,0,20
35775,0,0,0
35776,300,150,260
35776,130,200,280
35776,50,150,140
35776,20,110,100
35776,0,90,90
35776,0,0,0
35801,2200,230,750
35801,1160,340,520
35801,760,420,400
35801,400,540,450
35801,410,1500,1350
35801,100,980,1070
35802,2650,270,1020
35802,1350,420,800
35802,660,510,540
35802,350,680,560
35802,330,1760,1610
35802,60,790,750
35803,2860,390,1160
35803,1300,690,1250
35803,740,930,1070
35803,400,1130,1070
35803,350,2360,2150
35803,30,610,510
35805,2750,430,5020
35805,940,450,1870
35805,230,230,270
35805,60,130,110
35805,40,110,70
35805,0,0,0
35806,2720,270,1170
35806,1410,390,1000
35806,830,460,600
35806,370,560,600
35806,340,1630,1570
35806,40,520,460
35808,70,0,0
35808,0,40,90
35808,40,30,80
35808,0,40,60
35808,20,110,110
35808,0,20,0
35810,3880,530,5260
35810,1600,680,2990
35810,550,510,760
35810,150,380,340
35810,110,400,310
35810,0,40,30
35811,2840,510,1950
35811,1260,770,1550
35811,630,890,1060
35811,280,980,1020
35811,200,1670,1700
35811,20,290,250
35816,2230,180,2270
35816,670,240,900
35816,160,120,180
35816,60,90,100
35816,30,110,80
35816,0,0,0
35824,780,70,350
35824,530,160,390
35824,300,210,300
35824,200,240,260
35824,200,710,600
35824,0,200,180
35901,2020,430,2230
35901,660,550,1340
35901,240,400,530
35901,90,330,320
35901,80,460,430
35901,20,270,300
35903,1910,480,2110
35903,710,570,1360
35903,240,510,640
35903,50,390,390
35903,30,360,370
35903,0,40,40
35904,1340,480,1640
35904,490,550,1020
35904,160,400,490
35904,40,260,250
35904,20,230,210
35904,0,20,40
35905,620,210,420
35905,260,290,430
35905,90,270,280
35905,40,200,190
35905,0,260,250
35905,0,40,30
35906,1070,290,820
35906,470,390,680
35906,200,360,480
35906,60,300,330
35906,40,410,400
35906,0,90,100
35907,720,210,330
35907,320,380,510
35907,160,400,450
35907,50,430,490
35907,40,520,550
35907,0,70,80
35950,2090,670,3580
35950,780,960,3360
35950,170,630,790
35950,40,420,420
35950,50,430,440
35950,0,70,90
35951,1250,490,2030
35951,400,550,1440
35951,100,410,500
35951,30,250,260
35951,20,190,190
35951,0,50,60
35952,570,310,730
35952,230,330,580
35952,80,320,360
35952,30,190,200
35952,0,170,180
35952,0,0,0
35953,630,240,600
35953,270,310,590
35953,90,280,340
35953,30,210,210
35953,30,260,220
35953,0,30,40
35954,1240,510,1400
35954,420,540,960
35954,130,400,490
35954,50,250,260
35954,0,200,200
35954,0,20,0
35956,780,350,760
35956,270,420,640
35956,80,370,450
35956,40,250,230
35956,0,230,260
35956,0,30,30
35957,1580,590,2140
35957,560,660,1660
35957,150,540,610
35957,40,380,350
35957,40,300,320
35957,0,70,80
35958,260,130,260
35958,90,140,190
35958,40,150,120
35958,0,90,90
35958,0,90,90
35958,0,0,0
35959,420,190,450
35959,150,180,350
35959,40,170,210
35959,40,110,90
35959,0,140,100
35959,0,0,0
35960,830,360,830
35960,340,380,640
35960,90,320,350
35960,40,270,210
35960,40,320,300
35960,0,50,50
35961,530,220,940
35961,180,310,770
35961,60,150,210
35961,0,100,110
35961,0,80,80
35961,0,20,30
35962,610,310,980
35962,220,370,880
35962,70,250,310
35962,0,130,140
35962,0,90,80
35962,0,20,30
35963,120,90,190
35963,60,90,150
35963,20,50,50
35963,0,30,30
35963,0,30,30
35963,0,0,0
35966,290,150,270
35966,130,190,280
35966,40,160,190
35966,0,100,80
35966,0,90,100
35966,0,0,0
35967,1480,540,1920
35967,540,730,1780
35967,150,530,640
35967,50,350,340
35967,40,330,320
35967,0,80,70
35968,470,210,470
35968,230,270,530
35968,70,220,230
35968,30,150,170
35968,0,160,150
35968,0,20,0
35971,460,190,430
35971,140,210,350
35971,50,170,200
35971,0,120,140
35971,0,100,110
35971,0,0,0
35972,100,70,90
35972,60,80,100
35972,0,50,60
35972,0,40,40
35972,0,40,40
35972,0,0,0
35973,270,130,240
35973,80,140,220
35973,30,110,120
35973,0,70,80
35973,0,60,40
35973,0,0,0
35974,170,70,180
35974,70,100,150
35974,20,60,70
35974,0,50,50
35974,0,50,50
35974,0,0,0
35975,80,50,80
35975,50,50,90
35975,0,50,60
35975,0,20,0
35975,0,30,30
35975,0,0,0
35976,1710,540,1460
35976,660,580,920
35976,240,570,550
35976,90,480,420
35976,70,650,540
35976,30,280,270
35978,480,240,410
35978,200,270,390
35978,40,210,270
35978,20,120,130
35978,0,120,120
35978,0,0,0
35979,140,70,120
35979,50,90,130
35979,0,60,80
35979,0,40,60
35979,0,30,30
35979,0,0,0
35980,420,210,710
35980,140,230,470
35980,50,170,190
35980,0,120,110
35980,0,80,90
35980,0,0,0
35981,170,70,170
35981,70,110,160
35981,30,100,110
35981,0,60,60
35981,0,50,60
35981,0,0,0
35983,320,140,310
35983,140,150,240
35983,40,140,150
35983,20,100,90
35983,0,120,110
35983,0,0,0
35984,200,100,150
35984,80,90,100
35984,40,60,80
35984,20,50,40
35984,0,70,30
35984,0,0,0
35986,750,310,670
35986,270,380,690
35986,80,330,390
35986,30,240,210
35986,0,220,260
35986,0,30,30
35987,190,110,250
35987,100,110,170
35987,50,90,100
35987,0,70,60
35987,0,80,70
35987,0,0,0
35988,160,80,200
35988,60,120,190
35988,0,70,120
35988,0,50,50
35988,0,40,50
35988,0,0,0
35989,310,140,370
35989,100,170,310
35989,40,110,90
35989,0,70,70
35989,0,90,120
35989,0,20,20
36003,180,30,290
36003,70,50,130
36003,60,40,50
36003,0,30,30
36003,0,60,40
36003,0,0,0
36005,130,50,140
36005,80,60,110
36005,20,70,70
36005,0,50,30
36005,0,60,50
36005,0,0,0
36006,110,40,160
36006,50,50,100
36006,20,60,70
36006,0,50,50
36006,0,50,50
36006,0,0,0
36009,250,70,260
36009,90,90,190
36009,40,80,90
36009,20,80,90
36009,0,90,100
36009,0,0,0
36010,540,150,760
36010,240,160,410
36010,60,110,140
36010,30,90,80
36010,0,110,110
36010,0,0,0
36013,50,0,0
36013,20,0,40
36013,0,40,30
36013,0,0,0
36013,0,60,70
36013,0,0,0
36016,260,100,450
36016,140,90,200
36016,30,70,90
36016,20,50,40
36016,0,50,50
36016,0,0,0
36017,120,40,260
36017,40,60,160
36017,20,30,40
36017,0,20,20
36017,0,20,0
36017,0,0,0
36020,130,20,160
36020,60,40,120
36020,20,40,50
36020,0,30,30
36020,0,40,30
36020,0,0,0
36022,1150,240,710
36022,490,410,830
36022,230,590,820
36022,80,690,800
36022,50,910,980
36022,0,90,90
36024,580,180,510
36024,250,220,430
36024,90,240,250
36024,40,200,180
36024,30,250,180
36024,0,60,30
36025,370,70,450
36025,180,120,350
36025,70,120,170
36025,30,120,130
36025,0,140,110
36025,0,0,0
36026,80,30,40
36026,50,30,60
36026,30,40,30
36026,0,50,40
36026,0,60,30
36026,0,0,0
36027,1440,360,2330
36027,560,390,1280
36027,180,310,390
36027,50,270,280
36027,40,430,380
36027,0,60,50
36028,160,70,210
36028,70,80,170
36028,30,50,70
36028,0,40,40
36028,0,50,40
36028,0,0,0
36029,80,0,80
36029,50,40,50
36029,30,30,30
36029,0,0,0
36029,0,60,50
36029,0,0,0
36030,50,0,80
36030,30,30,50
36030,0,0,0
36030,0,20,30
36030,0,0,0
36030,0,0,0
36032,230,50,630
36032,110,60,280
36032,40,40,80
36032,0,40,30
36032,0,40,30
36032,0,0,0
36033,340,120,530
36033,190,110,290
36033,40,100,110
36033,30,70,70
36033,0,80,80
36033,0,0,0
36034,70,20,100
36034,50,20,60
36034,0,30,30
36034,0,50,40
36034,0,0,0
36034,0,0,0
36035,180,50,160
36035,90,60,140
36035,50,80,90
36035,0,60,70
36035,0,60,70
36035,0,0,0
36036,180,40,220
36036,110,60,150
36036,30,50,50
36036,0,40,40
36036,0,60,40
36036,0,0,0
36037,1350,270,2060
36037,530,310,1160
36037,180,280,390
36037,50,270,250
36037,40,320,320
36037,0,50,40
36039,30,30,60
36039,20,0,40
36039,0,0,0
36039,0,0,0
36039,0,0,0
36040,380,50,800
36040,180,40,450
36040,60,40,90
36040,0,30,30
36040,0,30,40
36040,0,0,0
36041,110,40,140
36041,60,70,130
36041,20,50,60
36041,0,40,40
36041,0,40,40
36041,0,0,0
36042,110,50,120
36042,60,70,110
36042,30,50,60
36042,0,40,50
36042,0,40,40
36042,0,0,0
36043,370,70,360
36043,180,100,310
36043,60,120,170
36043,40,110,100
36043,0,170,140
36043,0,30,0
36046,110,40,150
36046,80,40,110
36046,0,50,70
36046,0,40,40
36046,0,40,40
36046,0,0,0
36047,130,30,220
36047,50,40,130
36047,20,30,60
36047,0,30,40
36047,0,30,30
36047,0,0,0
36048,110,50,250
36048,40,50,110
36048,20,30,30
36048,0,20,30
36048,0,30,0
36048,0,0,0
36049,520,150,570
36049,230,190,460
36049,80,180,200
36049,0,150,150
36049,20,140,130
36049,0,30,20
36051,210,70,250
36051,90,110,220
36051,50,70,80
36051,0,50,70
36051,0,90,100
36051,0,0,0
36052,80,0,50
36052,40,50,40
36052,20,0,30
36052,0,30,0
36052,0,80,70
36052,0,30,30
36053,210,30,330
36053,80,30,190
36053,30,30,50
36053,0,0,30
36053,0,30,0
36053,0,0,0
36054,1420,250,1450
36054,740,420,1330
36054,290,460,730
36054,90,440,490
36054,50,670,630
36054,0,80,90
36064,810,110,500
36064,340,180,690
36064,170,280,550
36064,100,450,610
36064,90,1000,1240
36064,30,380,490
36066,1900,300,1210
36066,930,560,1260
36066,480,680,1030
36066,170,820,1000
36066,100,1210,1420
36066,0,140,150
36067,2670,490,2470
36067,1040,710,1930
36067,410,890,1250
36067,110,770,920
36067,80,1320,1410
36067,0,190,200
36069,180,40,170
36069,100,60,120
36069,60,50,60
36069,0,60,30
36069,0,60,50
36069,0,0,0
36071,90,30,120
36071,40,50,70
36071,20,0,0
36071,0,30,20
36071,0,0,0
36071,0,0,0
36075,220,40,310
36075,100,40,220
36075,30,40,80
36075,0,30,30
36075,0,50,30
36075,0,0,0
36078,1240,300,1370
36078,520,420,1090
36078,190,470,620
36078,50,370,370
36078,40,470,490
36078,0,70,50
36079,910,140,900
36079,390,270,630
36079,140,260,290
36079,50,220,230
36079,20,310,320
36079,0,60,70
36080,180,70,140
36080,120,80,140
36080,50,90,90
36080,20,100,70
36080,20,130,80
36080,0,20,0
36081,1700,210,1810
36081,600,270,860
36081,180,290,340
36081,80,290,320
36081,60,390,320
36081,0,120,90
36083,980,90,1380
36083,420,100,690
36083,120,100,200
36083,30,80,90
36083,20,100,80
36083,0,0,0
36088,350,0,400
36088,120,30,200
36088,40,30,30
36088,20,0,30
36088,0,20,0
36088,0,0,0
36089,780,150,1620
36089,300,140,820
36089,110,50,140
36089,30,60,70
36089,0,70,60
36089,0,20,20
36091,300,120,390
36091,130,180,410
36091,30,130,170
36091,30,110,120
36091,0,110,90
36091,0,0,0
36092,2000,440,2070
36092,940,600,1630
36092,350,720,850
36092,110,600,610
36092,60,760,700
36092,0,90,70
36093,870,170,410
36093,420,330,640
36093,220,450,570
36093,90,540,550
36093,80,1020,1000
36093,0,190,200
36104,820,40,1380
36104,290,40,420
36104,130,40,70
36104,40,40,60
36104,40,90,80
36104,0,50,40
36105,1210,120,2220
36105,410,150,980
36105,140,100,170
36105,30,90,80
36105,30,160,150
36105,0,30,20
36106,1460,150,1240
36106,840,220,950
36106,470,280,520
36106,200,310,290
36106,140,600,500
36106,40,300,250
36107,880,100,1630
36107,380,150,850
36107,100,90,140
36107,30,60,60
36107,0,60,60
36107,0,0,0
36108,2260,220,4360
36108,790,280,1820
36108,210,170,300
36108,40,130,120
36108,20,150,110
36108,0,0,0
36109,2600,380,2120
36109,1580,680,1920
36109,610,790,1000
36109,220,700,580
36109,120,890,640
36109,0,110,70
36110,1410,170,2870
36110,470,200,1200
36110,130,80,170
36110,50,60,40
36110,0,60,70
36110,0,0,0
36111,1440,120,2050
36111,610,180,1150
36111,270,180,370
36111,90,170,210
36111,70,370,360
36111,40,300,390
36112,0,0,0
36112,0,0,0
36112,0,20,40
36112,0,0,0
36112,0,0,0
36112,0,0,0
36113,100,0,0
36113,0,40,60
36113,0,20,50
36113,0,30,50
36113,0,70,150
36113,0,0,0
36115,50,0,20
36115,20,70,120
36115,0,30,70
36115,0,30,50
36115,0,0,0
36115,0,0,0
36116,4560,490,7640
36116,1980,600,4770
36116,730,590,1350
36116,210,560,680
36116,140,870,800
36116,30,240,270
36117,4720,510,3740
36117,2740,830,3720
36117,1360,1110,1960
36117,530,1290,1530
36117,380,2460,2220
36117,80,990,1060
36201,1810,360,2620
36201,650,530,1640
36201,170,370,520
36201,40,200,170
36201,0,140,100
36201,0,0,0
36203,1930,440,1630
36203,860,700,2060
36203,350,700,910
36203,110,610,660
36203,60,740,820
36203,0,130,150
36205,70,0,80
36205,50,30,40
36205,0,30,0
36205,0,0,20
36205,0,40,0
36205,0,0,0
36206,1150,270,1140
36206,520,400,1030
36206,180,370,450
36206,70,250,190
36206,0,220,150
36206,0,20,30
36207,1900,400,1550
36207,890,610,1400
36207,390,570,710
36207,140,580,540
36207,100,790,740
36207,0,270,270
36250,440,100,250
36250,180,180,340
36250,90,260,290
36250,30,190,200
36250,0,210,240
36250,0,20,0
36251,440,180,460
36251,230,220,500
36251,80,180,200
36251,20,120,110
36251,0,140,160
36251,0,20,0
36255,80,30,70
36255,60,40,50
36255,0,50,40
36255,0,40,40
36255,0,30,20
36255,0,0,0
36256,130,50,110
36256,60,60,120
36256,30,70,80
36256,0,50,40
36256,0,40,50
36256,0,0,0
36258,150,70,140
36258,40,80,120
36258,30,70,110
36258,0,50,40
36258,0,60,50
36258,0,0,0
36260,350,100,360
36260,190,160,380
36260,70,140,180
36260,30,130,160
36260,0,90,60
36260,0,0,0
36262,120,80,150
36262,40,60,110
36262,20,50,80
36262,0,30,50
36262,0,40,50
36262,0,0,0
36263,30,30,70
36263,30,30,40
36263,0,30,50
36263,0,20,30
36263,0,20,30
36263,0,0,0
36264,720,300,780
36264,300,370,760
36264,130,370,440
36264,50,270,290
36264,0,240,250
36264,0,40,40
36265,2120,450,1310
36265,780,600,1130
36265,280,670,790
36265,80,570,580
36265,70,650,610
36265,0,100,80
36266,500,180,590
36266,190,210,510
36266,70,190,230
36266,20,140,130
36266,0,140,120
36266,0,30,0
36268,470,140,530
36268,200,210,520
36268,60,210,310
36268,30,150,180
36268,0,150,150
36268,0,20,20
36269,90,50,120
36269,40,60,100
36269,30,50,50
36269,0,30,30
36269,0,40,30
36269,0,0,0
36271,510,210,510
36271,210,260,410
36271,100,250,320
36271,40,220,180
36271,0,190,180
36271,0,20,0
36272,1040,490,1160
36272,450,570,970
36272,130,480,500
36272,40,300,310
36272,0,270,310
36272,0,30,30
36273,200,100,210
36273,90,110,180
36273,50,120,140
36273,0,100,80
36273,0,110,120
36273,0,0,0
36274,1090,300,1520
36274,460,350,970
36274,130,280,370
36274,50,200,210
36274,0,200,210
36274,0,20,0
36276,200,80,240
36276,80,90,210
36276,30,70,80
36276,0,50,50
36276,0,70,70
36276,0,0,0
36277,540,130,420
36277,250,250,500
36277,90,260,330
36277,30,170,150
36277,0,150,130
36277,0,0,0
36278,380,150,500
36278,190,180,370
36278,70,150,170
36278,0,120,70
36278,30,170,110
36278,0,50,30
36279,240,90,160
36279,100,150,210
36279,40,110,120
36279,0,80,80
36279,0,80,80
36279,0,0,0
36280,280,160,360
36280,120,160,260
36280,40,160,170
36280,20,100,90
36280,0,130,140
36280,0,0,0
36301,4000,890,4850
36301,1560,1150,2670
36301,490,1040,1200
36301,150,790,830
36301,110,1040,980
36301,20,240,220
36303,3480,620,4020
36303,1240,760,2280
36303,400,660,860
36303,130,610,580
36303,100,1020,990
36303,30,460,570
36305,1390,290,900
36305,710,450,830
36305,300,510,610
36305,140,520,500
36305,100,910,980
36305,20,380,480
36310,590,200,660
36310,270,230,430
36310,80,180,140
36310,30,120,80
36310,30,150,110
36310,0,20,0
36311,250,80,240
36311,110,100,170
36311,40,90,100
36311,0,80,100
36311,0,110,110
36311,0,0,0
36312,550,180,490
36312,250,200,430
36312,50,200,200
36312,30,210,190
36312,0,210,200
36312,0,30,30
36314,50,30,60
36314,20,60,50
36314,0,0,40
36314,0,20,0
36314,0,20,20
36314,0,0,0
36316,150,60,140
36316,70,90,100
36316,40,60,80
36316,0,70,70
36316,0,90,60
36316,0,0,0
36317,40,20,60
36317,30,50,50
36317,0,0,0
36317,0,0,0
36317,0,0,0
36317,0,0,0
36318,120,50,80
36318,50,50,60
36318,30,50,50
36318,0,40,60
36318,0,50,40
36318,0,0,0
36319,170,80,160
36319,80,70,150
36319,30,100,100
36319,20,70,60
36319,0,100,100
36319,0,0,0
36320,330,110,380
36320,120,140,250
36320,40,110,120
36320,0,80,70
36320,0,100,100
36320,0,0,0
36321,190,50,190
36321,80,80,150
36321,30,70,80
36321,0,40,50
36321,0,60,30
36321,0,0,0
36322,850,230,940
36322,360,290,580
36322,130,210,230
36322,60,220,190
36322,30,230,180
36322,0,30,0
36323,630,220,850
36323,280,290,490
36323,100,230,230
36323,30,190,170
36323,20,190,190
36323,0,30,0
36330,3330,670,3170
36330,1390,1080,2470
36330,600,1190,1670
36330,220,1200,1450
36330,170,1900,1980
36330,0,320,300
36340,470,170,640
36340,170,220,360
36340,60,170,210
36340,40,120,140
36340,0,110,80
36340,0,30,30
36343,170,60,180
36343,80,50,120
36343,0,40,30
36343,0,20,30
36343,0,40,20
36343,0,0,0
36344,500,180,550
36344,180,220,330
36344,60,180,190
36344,30,150,170
36344,0,170,160
36344,0,0,0
36345,800,200,790
36345,300,290,610
36345,100,290,330
36345,40,280,290
36345,30,420,440
36345,0,70,80
36346,120,60,120
36346,50,60,110
36346,20,60,70
36346,0,40,40
36346,0,70,60
36346,0,0,0
36350,700,170,840
36350,290,250,560
36350,110,260,300
36350,30,180,180
36350,20,250,270
36350,0,40,40
36351,330,100,260
36351,120,140,230
36351,50,150,150
36351,30,140,160
36351,0,170,150
36351,0,0,30
36352,500,160,430
36352,170,200,340
36352,60,210,230
36352,40,180,200
36352,0,250,270
36352,0,30,40
36353,220,60,180
36353,80,90,150
36353,40,70,70
36353,0,60,50
36353,0,80,90
36353,0,0,0
36360,1850,500,2170
36360,700,630,1140
36360,280,570,660
36360,130,580,570
36360,50,650,530
36360,0,70,40
36362,220,60,110
36362,200,390,710
36362,50,240,440
36362,0,130,210
36362,0,100,160
36362,0,0,0
36370,90,30,70
36370,40,40,80
36370,0,30,30
36370,0,40,60
36370,0,30,0
36370,0,0,0
36371,50,0,40
36371,40,40,40
36371,0,30,30
36371,0,0,0
36371,0,30,20
36371,0,0,0
36373,50,20,70
36373,20,30,50
36373,0,30,30
36373,0,0,0
36373,0,0,0
36373,0,0,0
36374,90,40,80
36374,40,60,90
36374,20,40,50
36374,0,40,30
36374,0,50,40
36374,0,0,0
36375,680,250,810
36375,240,320,530
36375,60,250,250
36375,30,190,180
36375,0,190,200
36375,0,20,30
36376,250,80,260
36376,80,90,160
36376,40,80,70
36376,0,50,30
36376,0,50,40
36376,0,0,0
36401,680,190,1300
36401,250,200,550
36401,80,150,200
36401,20,130,100
36401,20,110,110
36401,0,20,20
36420,1100,310,1200
36420,400,400,730
36420,140,340,380
36420,40,260,270
36420,30,340,360
36420,0,90,90
36421,710,320,760
36421,320,390,610
36421,120,300,370
36421,30,260,210
36421,40,350,360
36421,0,80,90
36425,70,30,160
36425,40,30,80
36425,20,0,30
36425,0,20,0
36425,0,0,0
36425,0,0,0
36426,1250,390,1620
36426,510,490,1160
36426,200,400,600
36426,60,370,390
36426,50,430,460
36426,0,60,60
36432,200,90,310
36432,80,90,210
36432,40,60,70
36432,0,60,50
36432,0,40,30
36432,0,0,0
36435,40,30,130
36435,30,0,50
36435,0,0,0
36435,0,0,0
36435,0,0,0
36435,0,0,0
36436,40,20,50
36436,30,30,30
36436,0,0,20
36436,0,30,30
36436,0,0,0
36436,0,0,0
36439,50,20,60
36439,40,30,40
36439,0,30,60
36439,0,30,0
36439,0,30,40
36439,0,0,0
36441,300,120,370
36441,130,160,280
36441,40,130,170
36441,20,110,120
36441,0,120,130
36441,0,0,0
36442,290,110,330
36442,120,120,200
36442,40,90,90
36442,0,60,40
36442,0,70,60
36442,0,0,0
36444,60,0,60
36444,20,60,50
36444,0,0,30
36444,0,20,30
36444,0,0,0
36444,0,0,0
36445,300,130,560
36445,110,150,340
36445,70,130,150
36445,0,100,90
36445,0,110,110
36445,0,0,0
36446,40,30,80
36446,40,0,40
36446,0,20,30
36446,0,30,30
36446,0,0,0
36446,0,0,0
36451,380,120,580
36451,140,140,350
36451,90,150,170
36451,40,140,170
36451,0,180,190
36451,0,30,30
36453,180,100,180
36453,90,120,150
36453,30,80,80
36453,0,60,50
36453,0,100,90
36453,0,0,0
36455,60,30,50
36455,0,0,40
36455,0,20,0
36455,0,0,0
36455,0,0,0
36455,0,0,0
36456,160,50,200
36456,70,80,180
36456,30,50,50
36456,0,50,50
36456,0,50,50
36456,0,0,0
36460,710,190,1280
36460,250,210,660
36460,100,200,290
36460,40,190,240
36460,30,290,290
36460,0,60,70
36467,920,350,1120
36467,320,410,660
36467,80,290,320
36467,50,240,230
36467,0,260,280
36467,0,50,50
36471,90,20,180
36471,50,30,110
36471,0,0,30
36471,0,30,40
36471,0,0,0
36471,0,0,0
36474,240,110,260
36474,100,120,210
36474,40,110,110
36474,0,80,80
36474,0,100,120
36474,0,0,0
36475,170,50,240
36475,70,60,130
36475,40,50,70
36475,0,40,50
36475,0,50,50
36475,0,0,0
36477,380,160,490
36477,160,190,350
36477,40,150,160
36477,20,100,110
36477,0,110,110
36477,0,30,20
36480,150,50,130
36480,80,70,120
36480,20,70,90
36480,20,60,80
36480,0,60,60
36480,0,0,0
36481,40,0,60
36481,0,0,50
36481,0,0,0
36481,0,0,0
36481,0,0,0
36481,0,0,0
36482,90,0,160
36482,50,60,100
36482,0,0,50
36482,0,20,20
36482,0,0,0
36482,0,0,0
36483,50,20,60
36483,20,40,20
36483,0,0,20
36483,0,30,20
36483,0,0,0
36483,0,0,0
36502,1330,350,2330
36502,600,410,1370
36502,250,350,510
36502,70,300,300
36502,40,350,340
36502,0,50,40
36505,120,30,150
36505,50,50,120
36505,40,50,70
36505,0,40,50
36505,0,70,80
36505,0,0,0
36507,1900,480,2180
36507,820,580,1460
36507,290,590,710
36507,100,550,540
36507,60,650,690
36507,0,110,100
36509,250,80,450
36509,50,50,130
36509,30,50,60
36509,0,30,30
36509,0,30,20
36509,0,0,0
36511,100,30,100
36511,40,30,70
36511,20,40,60
36511,0,0,0
36511,0,30,0
36511,0,0,0
36513,60,20,100
36513,40,30,70
36513,20,0,0
36513,0,20,30
36513,0,0,0
36513,0,0,0
36518,200,60,190
36518,90,70,150
36518,40,90,110
36518,40,100,100
36518,0,140,120
36518,0,30,30
36521,380,170,480
36521,150,170,340
36521,70,190,240
36521,40,190,220
36521,0,190,200
36521,0,20,0
36522,620,210,910
36522,250,210,530
36522,130,250,390
36522,50,200,200
36522,0,230,280
36522,0,0,0
36523,270,100,360
36523,80,110,150
36523,40,60,80
36523,20,60,40
36523,0,70,50
36523,0,20,20
36524,90,40,140
36524,60,20,60
36524,0,50,20
36524,0,0,20
36524,0,40,50
36524,0,0,0
36525,170,70,190
36525,90,50,130
36525,50,60,70
36525,0,50,60
36525,0,120,130
36525,0,0,0
36526,3240,500,1640
36526,1600,880,1800
36526,820,1080,1440
36526,330,1210,1380
36526,250,2310,2600
36526,60,580,740
36527,1370,190,510
36527,530,280,520
36527,320,440,610
36527,140,550,670
36527,120,1400,1910
36527,30,510,710
36528,180,40,70
36528,80,50,50
36528,40,70,40
36528,40,70,40
36528,0,110,50
36528,0,20,0
36529,40,20,50
36529,40,20,40
36529,0,40,50
36529,0,0,0
36529,0,30,30
36529,0,0,0
36530,840,250,550
36530,350,310,490
36530,100,280,250
36530,40,230,180
36530,40,250,170
36530,0,50,60
36532,3090,660,1460
36532,1250,870,1310
36532,580,1000,1120
36532,280,1110,990
36532,270,2100,2290
36532,70,1030,1290
36535,3200,980,3270
36535,1320,1220,2180
36535,470,1050,880
36535,130,810,590
36535,90,830,480
36535,0,120,90
36538,50,0,60
36538,0,40,20
36538,0,0,0
36538,0,0,30
36538,0,0,0
36538,0,0,0
36539,70,20,50
36539,40,30,40
36539,0,30,50
36539,0,20,0
36539,0,40,40
36539,0,0,0
36540,90,0,200
36540,30,60,120
36540,0,0,30
36540,0,30,30
36540,0,0,0
36540,0,0,0
36541,1280,390,1530
36541,560,470,1060
36541,190,520,770
36541,70,420,470
36541,40,530,570
36541,0,90,70
36542,1660,390,850
36542,710,450,670
36542,290,450,390
36542,120,440,320
36542,120,630,400
36542,20,190,110
36544,1090,350,1670
36544,410,380,940
36544,140,360,560
36544,40,270,280
36544,20,270,270
36544,0,30,20
36545,760,210,1190
36545,320,260,650
36545,140,200,360
36545,60,220,260
36545,30,320,320
36545,0,50,30
36548,80,30,100
36548,40,40,80
36548,40,30,50
36548,0,40,30
36548,0,80,90
36548,0,0,0
36549,480,230,240
36549,260,270,220
36549,100,220,140
36549,50,180,80
36549,30,200,120
36549,0,30,0
36551,900,220,900
36551,370,320,710
36551,180,330,410
36551,30,310,300
36551,20,360,350
36551,0,50,30
36553,240,70,530
36553,110,90,290
36553,30,70,140
36553,30,60,90
36553,0,90,120
36553,0,0,0
36555,160,40,60
36555,70,40,60
36555,30,50,0
36555,20,50,20
36555,0,70,80
36555,0,30,0
36556,50,0,30
36556,0,50,40
36556,0,0,0
36556,0,0,20
36556,0,0,0
36556,0,0,0
36558,210,110,340
36558,100,140,200
36558,50,120,160
36558,30,120,130
36558,0,140,180
36558,0,20,0
36559,100,30,50
36559,30,0,0
36559,20,40,50
36559,30,0,0
36559,0,50,50
36559,0,60,70
36560,340,60,610
36560,110,80,250
36560,50,70,110
36560,20,40,70
36560,0,50,50
36560,0,0,0
36561,930,200,370
36561,460,210,290
36561,190,250,240
36561,90,250,170
36561,90,510,310
36561,50,260,180
36562,140,50,170
36562,80,70,140
36562,30,80,110
36562,0,40,50
36562,0,50,80
36562,0,0,0
36564,90,30,40
36564,30,0,40
36564,30,30,40
36564,0,30,0
36564,20,80,40
36564,0,80,60
36567,1400,410,1370
36567,620,560,1160
36567,190,550,680
36567,70,390,350
36567,30,390,410
36567,0,50,30
36568,50,20,60
36568,40,0,50
36568,0,30,50
36568,0,0,0
36568,0,0,0
36568,0,0,0
36569,60,20,60
36569,40,30,50
36569,0,30,40
36569,0,30,30
36569,0,50,50
36569,0,0,0
36571,1490,350,1250
36571,680,510,1050
36571,310,520,650
36571,110,560,600
36571,70,870,1070
36571,0,130,130
36572,570,140,330
36572,290,200,370
36572,140,280,340
36572,70,280,320
36572,30,430,430
36572,0,40,20
36574,110,50,110
36574,60,50,70
36574,30,50,50
36574,0,40,30
36574,0,70,40
36574,0,0,0
36575,1820,500,1640
36575,840,730,1670
36575,340,810,1180
36575,130,690,830
36575,50,780,860
36575,0,70,70
36576,460,160,370
36576,200,190,350
36576,90,200,240
36576,40,150,140
36576,0,180,170
36576,0,0,0
36578,170,50,120
36578,70,70,110
36578,30,80,130
36578,20,90,80
36578,0,130,140
36578,0,0,0
36579,120,40,170
36579,90,50,120
36579,50,50,60
36579,20,40,30
36579,0,80,50
36579,0,0,0
36580,610,210,720
36580,250,270,480
36580,70,220,230
36580,20,160,120
36580,30,160,150
36580,0,30,0
36582,2410,550,3220
36582,990,730,1860
36582,410,750,940
36582,130,600,570
36582,80,720,690
36582,0,160,140
36583,40,40,40
36583,30,0,40
36583,20,30,40
36583,0,30,20
36583,0,40,40
36583,0,0,0
36584,50,40,60
36584,30,0,50
36584,0,30,40
36584,0,30,30
36584,0,30,30
36584,0,0,0
36585,80,20,90
36585,40,30,60
